username,email,password_hash,role
william.gibbs1,william.gibbs1@example.edu,1f4681ca9846cc32b0afe3935098d16a8d10c89838762740cfba74cc11bb8bee,student
dana.sims2,dana.sims2@example.edu,1ab3a7b282060a310def5b85d6080f58150f7d371501c2ba930fd511f0015e35,student
ryan.anderson3,ryan.anderson3@example.edu,2f0d8dca5d38cd13c1b28fcb503ab6ee783893f50ce744c60a492636a4584a82,student
michelle.serrano4,michelle.serrano4@example.edu,f39f07b362c7002b7e9fbe4104464a2c512a30a94a5f707a54e0d2bf1ef35437,student
rhonda.adams5,rhonda.adams5@example.edu,a025c4bf9ad3e82beb0cd85c3d364cd70f9817149e0499aadcccaba8cf279f72,student
danny.martinez6,danny.martinez6@example.edu,a7a25fb86ce8685540cd6966bdc18275c97b1f82ce784db359ed015f6062ef97,student
brendan.cain7,brendan.cain7@example.edu,1686f006628258b02056863378d63f30eec338d675569e2ab6f8b443179c6bfe,student
ashley.dixon8,ashley.dixon8@example.edu,2e41e1ee9e564cc86a44dd65fffa6a3bb5b707100e21f80b5f72c54b02fef6b6,student
christopher.terry9,christopher.terry9@example.edu,aec72adfd792c4cd08c7b2731eafebf49162b0cb82ac5b716fd214a78f115a0f,student
cheryl.harris10,cheryl.harris10@example.edu,e131f137c6d5f1f186514a90204150a2118a74c64c987f04346139122f508eda,student
scott.wilson11,scott.wilson11@example.edu,4e18e82def1ed2ce3db08f79f1c3ff5ece31f571b07c2490fd63d9482eeed2d7,student
patricia.oconnor12,patricia.oconnor12@example.edu,ff88157c33ef5c8b4c195e2e935ba2c37227a4c2524869f90a4ff7641ee6d013,student
holly.rice13,holly.rice13@example.edu,f98149fd98b9f631f452aacfbb992591e7ad1d1788f242825ab013f2466c0899,student
james.brown14,james.brown14@example.edu,c4df3d44f321c26473716190174d13b5908e2a529a64b1064838a5de172f2301,student
melissa.herrera15,melissa.herrera15@example.edu,3aa740b6bf9d97e921da93ca07593851f5f2bc7da0e1ddbeee229c8b6ab2d7ce,student
peggy.adams16,peggy.adams16@example.edu,fa22b49be4c6a17a6132e9cdd56fd78ca9ddd63140c84e250405274ea398cf99,student
nicole.pearson17,nicole.pearson17@example.edu,2816bc208da60c1c3a5210c394903fad160cf57225b39054c3916536e79d4599,student
zachary.collins18,zachary.collins18@example.edu,8635c25f286b1c1c21164b47b1a072c71d92d1ee4cd99d190031f62dbf4ba0e8,student
sarah.anderson19,sarah.anderson19@example.edu,c09c6996dbefa8f4c7679a36125eeaad262213be2e28a62dfff69ea7fb93b72d,student
chad.gonzalez20,chad.gonzalez20@example.edu,b142f34aeff6cbaf9c305182129edd20aa65b51236f0d3461254bf8826f4bd82,student
